Name,Date,Location
The Spring Meeting - Epsom Downs Racecourse,25th Apr 2023,"Epsom , Greater London"
Spring Homes & Garden Open-Air Fair,27th Apr 2023,"near Cheltenham, Gloucestershire"
Charity Raceday - Warwick Racecourse,27th Apr 2023,"Warwick, Warwickshire"
BBC Gardeners' World Spring Fair - Hampshire,28th Apr 2023,"Hampshire, Hampshire"
Lost Minds Festival,29th Apr 2023,"Newcastle upon Tyne, Northumberland"
The Gin To My Tonic Craft Spirit Festival - Reading,29th Apr 2023,"Reading, Berkshire"
Reading FC v Wigan Athletic FC,29th Apr 2023,"Reading, Berkshire"
Groovebox x Trancecoda presents Paul Van Dyk,29th Apr 2023,"Nottingham, Nottinghamshire"
Pure Garage,29th Apr 2023,"Shoreditch, London"
London City Lionesses v Coventry United,30th Apr 2023,"Dartford, Kent"
Charlton Athletic Women v Crystal Palace Women,30th Apr 2023,"Crayford, Kent"
"Family Day Out - Blackpool Tower, SEA LIFE Blackpool & Peter Rabbit",1st May 2023,"Blackpool , Lancashire"
LEGOLAND® Windsor Springfest,1st May 2023,"Windsor, Berkshire"
London Family Day Out - SEA LIFE London and SHREK’s Adventure!,1st May 2023,"Westminster Bridge Rd, London"
The Definitive Rat Pack - Tuesday 2nd May,2nd May 2023,"Canary Wharf, London"
Stevie Wonder Songbook,3rd May 2023,"Canary Wharf, London"
Thursday 4th May - Redcar Racecourse,4th May 2023,"Redcar, North Yorkshire"
Meatloaf by Richard Hadfield,4th May 2023,"Canary Wharf, London"
Season Opener - Goodwood Racecourse,5th May 2023,"Chichester , West Sussex"
QIPCO Guineas Festival Friday - Newmarket Racecourse,5th May 2023,"Newmarket, Suffolk"
Brew LDN,5th May 2023,"Rotherhithe, London"
The Gin To My Tonic Craft Spirit Festival - Gloucester,6th May 2023,"Gloucester, Gloucestershire"
Sausage and Cider Festival Leeds,6th May 2023,"Leeds, West Yorkshire"
Season Opener - Goodwood Racecourse,6th May 2023,"Chichester , West Sussex"
Foodies Festival - Cardiff,6th May 2023,"Cardiff , Cardiff"
Birmingham City v Sheffield United,8th May 2023,"Birmingham, West Midlands"
Bradford City v Leyton Orient,8th May 2023,"Bradford, West Yorkshire"
Jimmy Carr: Terribly Funny 2.0 -Dartford,10th May 2023,"Dartford , Kent"
Adam Kay in conversation with Adam Rutherford,10th May 2023,"London, London"
Jimmy Carr: Terribly Funny 2.0 -Chatham,11th May 2023,"Chatham , Kent"
Jimmy Carr: Terribly Funny 2.0 -Birmingham,12th May 2023,"Birmingham, Suffolk"
Foodies Festival - Bristol,12th May 2023,"Little Stoke, Bristol"
Jimmy Carr: Terribly Funny 2.0 -Doncaster,13th May 2023,"Doncaster, South Yorkshire"
The Gin To My Tonic Craft Spirit Festival - Ipswich,13th May 2023,"Ipswich, Suffolk"
Jimmy Carr: Terribly Funny 2.0 -London,14th May 2023,"Wimbledon, London"
Purely Classical,14th May 2023,"Huddersfield, West Yorkshire"
Ladies Day - Plumpton Racecourse,14th May 2023,"Lewes, East Sussex"
Murrayshall Country Estate Race Evening- Perth Racecourse,17th May 2023,"Perth, Perthshire"
Jimmy Carr: Terribly Funny 2.0 -Halifax,18th May 2023,"Halifax , West Yorkshire"
Mardi Gras at THORPE PARK Resort - Blue Light Card VIP Event,18th May 2023,"Chertsey, Surrey"
Spring Meeting Thursday- Newmarket Racecourse,18th May 2023,"Newmarket, Suffolk"
Jimmy Carr: Terribly Funny 2.0 -Northampton,19th May 2023,"Northampton , Northamptonshire"
Jimmy Carr: Terribly Funny 2.0 -Bradford,20th May 2023,"Bradford ,  West Yorkshire"
Flashback Festival,20th May 2023,"Manchester , Greater Manchester"
The Gin To My Tonic Festival - Nottingham,20th May 2023,"Nottingham, Nottinghamshire"
Homebuilding & Renovating Show Glasgow,20th May 2023,"Glasgow, Scotland"
AFC Bournemouth v Manchester United,20th May 2023,"Bournemouth , Dorset"
Jimmy Carr: Terribly Funny 2.0 -Derby,21st May 2023,"Derby , Derbyshire"
Monday 22nd May - Redcar Racecourse,22nd May 2023,"Redcar, North Yorkshire"
Kent Spitfires vs. Gloucestershire - Vitality Blast,24th May 2023,"Canterbury, Kent"
 Proudly Warwick Raceday - Warwick Racecourse,24th May 2023,"Warwick, Warwickshire"
ASA Concert London,24th May 2023,"South Kensington, London"
Lancashire Lightning v Leicestershire Foxes,25th May 2023,"Stretford, Old Trafford, Manchester"
Brigadier Gerard Evening - Sandown Park Racecourse,25th May 2023,"Esher, Surrey"
The English Riviera Food & Music Festival,26th May 2023,"Torbay, Devon"
T20 Vitality Blast - Surrey vs Kent Spitfires,26th May 2023,"Lambeth, Surrey, London"
May Festival  - Goodwood Racecourse,26th May 2023,"Chichester , West Sussex"
Ibiza Orchestra Experience - Nottingham,26th May 2023,"Nottingham, Nottinghamshire"
Groovebox Festival 2023 ,27th May 2023,"Nottingham, Nottinghamshire"
Summer Love Festival 2023,27th May 2023,"Maidstone , Kent"
Lancashire Lightning v Notts Outlaws,27th May 2023,"Stretford, Old Trafford, Manchester"
May Festival - Goodwood Racecourse,27th May 2023,"Chichester , West Sussex"
Sausage & Cider Fest - Nottingham,27th May 2023,"Nottingham, Nottinghamshire"
Foodies Festival - London,27th May 2023,"Isleworth, London"
The Killik Cup – Barbarians v World 15,28th May 2023,"Twickenham, Greater London"
T20 Family Day Double-Header - Derbyshire County Cricket Club,29th May 2023,"Derby, Derbyshire"
Tuesday 30th May - Redcar Racecourse,30th May 2023,"Redcar, North Yorkshire"
Wigley property race day - Warwick Racecourse,31st May 2023,"Warwick, Warwickshire"
Royal Bath & West Show,1st Jun 2023,"Shepton Mallet, Somerset"
Foodies Festival - St Albans,2nd Jun 2023,"Oaklands, St Albans"
Sausage and Cider Festival Derby,3rd Jun 2023,"Derby, Derbyshire"
Sussex Sharks v Glamorgan – T20 Vitality Blast (20 overs),4th Jun 2023,"Hove , East Sussex"
Jimmy Carr: Terribly Funny 2.0 -High Wycombe,6th Jun 2023,"High Wycombe, Buckinghamshire"
Jimmy Carr: Terribly Funny 2.0 -Blackpool,9th Jun 2023,"Blackpool, Lancashire"
The Gin To My Tonic Festival - Edinburgh,9th Jun 2023,"Edinburgh , Edinburgh"
Sausage & Cider Fest - Guildford,10th Jun 2023,"Guildford , Surrey"
Jimmy Carr: Terribly Funny 2.0 -Birmingham,11th Jun 2023,"Birmingham , West Midlands"
Bolesworth International,14th Jun 2023,"Tattenhall, Chester"
Oceanfest23,16th Jun 2023,"Croyde, North Devon"
Foodies Festival - Exeter ,16th Jun 2023,"Exeter, Devon"
Ibiza Orchestra Experience - Southend,16th Jun 2023,"Southend-on-Sea , Essex"
National Cycling Show,17th Jun 2023,"Birmingham,  Warwickshire"
Gin & Rum Festival - Lincoln,17th Jun 2023,"Brayford Pool, Lincoln"
Sausage & Cider Fest - Southend,17th Jun 2023,"Southend-on-Sea , Essex"
Lancashire Lightning v Durham Cricket,18th Jun 2023,"Stretford, Old Trafford, Manchester"
T20 Vitality Blast - Surrey vs Glamorgan,20th Jun 2023,"Lambeth, Surrey, London"
Lancashire Lightning v Derbyshire Falcons,23rd Jun 2023,"Stretford, Old Trafford, Manchester"
Foodies Festival - Chelmsford,23rd Jun 2023,"Chelmsford , Essex"
Ibiza Orchestra Experience - Oxford,23rd Jun 2023,"Oxford, Oxfordshire"
Sausage & Cider Fest - Oxford,24th Jun 2023,"Oxford, Oxfordshire"
Name,Date,Location
Foodies Festival - Brighton,29th Apr 2023,"Brighton , East Sussex"
BINGO LINGO – Guildford,29th Apr 2023,"Guildford , Guildford"
The Commitments - Monday,1st May 2023,"Blackpool , Lancashire"
The Commitments - Tuesday,2nd May 2023,"Blackpool , Lancashire"
The Commitments - Wednesday Matinee,3rd May 2023,"Blackpool , Lancashire"
The Commitments - Wednesday Evening,3rd May 2023,"Blackpool , Lancashire"
The Commitments - Thursday,4th May 2023,"Blackpool , Lancashire"
BINGO LINGO - Manchester,6th May 2023,"Manchester, Manchester"
I Dream A World: A Celebration of Music by Black American Composers,30th May 2023,"5 Sloane Terrace, London"
Vitality Blast T20 - Glamorgan v Kent Spitfires,2nd Jun 2023,"Cardiff, Glamorgan"
The Music and Lineage of Paul Mealor – Featuring Apollo5,2nd Jun 2023,"5 Sloane Terrace, London"
Vitality Blast T20 - Glamorgan v Surrey,7th Jun 2023,"Cardiff, Glamorgan"
Vitality Blast T20 - Glamorgan v Essex Eagles,9th Jun 2023,"Cardiff, Glamorgan"
Vitality Blast T20 - Glamorgan v Gloucestershire,18th Jun 2023,"Cardiff, Glamorgan"
Vitality Blast T20 - Glamorgan v Somerset,21st Jun 2023,"Cardiff, Glamorgan"
Name,Date,Location
Vitality Blast T20 - Glamorgan v Sussex Sharks,23rd Jun 2023,"Cardiff, Glamorgan"
Jimmy Carr: Terribly Funny 2.0 -Bedford Early Show,29th Jun 2023,"Bedford, Bedfordshire"
Jimmy Carr: Terribly Funny 2.0 -Bedford Late Show,29th Jun 2023,"Bedford, Bedfordshire"
Jimmy Carr: Terribly Funny 2.0 -London,30th Jun 2023,"Peninsula Square, London"
Sausage & Cider Fest - Hemel Hempstead,1st Jul 2023,"Hemel Hempstead, Hemel Hempstead"
Homebuilding & Renovating Show Surrey,1st Jul 2023,"Esher, Surrey"
Lancashire Lightning V Northamptonshire Steelbacks,2nd Jul 2023,"Stretford, Old Trafford, Manchester"
T20 Vitality Blast - Surrey vs Essex,2nd Jul 2023,"Lambeth, Surrey, London"
Vitality Blast T20 - Glamorgan v Middlesex,2nd Jul 2023,"Cardiff, Glamorgan"
Ibiza Orchestra Experience - Cambridge,7th Jul 2023,"Cambridge , Cambridge"
Foodies Festival - Cheshire,7th Jul 2023,"Knutsford, Cheshire"
Gin & Rum Festival - Stoke,8th Jul 2023,"Stoke-on-Trent, Stoke-on-Trent"
Name,Date,Location
BBC Earth Experience,30th May 2023,"Empress Place, London"
The Gathering Fest 2023,3rd Jun 2023,"Cleethorpes, Cleethorpes"
Ibiza Orchestra Experience - Hemel Hempstead,30th Jun 2023,"Hemel Hempstead, Hemel Hempstead"
Gin & Rum Festival - Norwich ,1st Jul 2023,"Norwich, Norwich"
Name,Date,Location
Name,Date,Location
Royal Ascot Trials Day presented by Howden - Ascot Racecourse,3rd May 2023,"Ascot , Berkshire"
Sausage & Cider Fest - Cambridge,8th Jul 2023,"Cambridge , Cambridge"
The Gin To My Tonic Festival - Bedford,8th Jul 2023,"Bedford, Bedfordshire"
Gin & Rum Festival - Peterborough ,15th Jul 2023,"Peterborough, Peterborough"
Sausage & Cider Fest - Colchester,15th Jul 2023,"Colchester , Colchester"
The Gin To My Tonic Festival - Harrogate,15th Jul 2023,"Harrogate, Yorkshire"
 Gin & Rum Festival - Reading,29th Jul 2023,"Reading, Berkshire"
Sausage & Cider Fest -  Sheffield,29th Jul 2023,"Sheffield , Sheffield"
The Gin To My Tonic Festival - Shrewsbury,29th Jul 2023,"Shrewsbury, Shrewsbury"
Foodies Festival - Edinburgh,4th Aug 2023,"Edinburgh, Scotland"
Name,Date,Location
Sausage & Cider Fest - Chelmsford,5th Aug 2023,"Chelmsford, Essex"
Foodies Festival - Glasgow,11th Aug 2023,"Renfrewshire, Glasgow"
Party At The Palace,12th Aug 2023,"Linlithgow, West Lothian"
Foodies Festival - Norwich,8th Sep 2023,"Norwich, Norfolk"
Name,Date,Location
Name,Date,Location
Name,Date,Location
Pentatonix,4th May 2023,"Hammersmith, London"
Name,Date,Location
Ibiza Orchestra Experience - Sheffield,28th Jul 2023,"Sheffield , Sheffield"
Name,Date,Location
Foodies Festival - Winchester ,14th Jul 2023,"Winchester , Hampshire"
Name,Date,Location
Name,Date,Location
HSBC London 7s 2023,21st May 2023,"Twickenham, Greater London"
Creamfields South 2023,26th May 2023,"Chelmsford , Essex"
Gallagher Premiership Final 2023,27th May 2023,"Twickenham, Greater London"
Superhero Family Raceday - Nottingham Racecourse,4th Jun 2023,"Nottingham, Nottinghamshire"
Evening racing - Wetherby Racecourse,6th Jun 2023,"Wetherby, West Yorkshire"
The Gin To My Tonic Festival - Edinburgh - Friday,9th Jun 2023,"Edinburgh , Edinburgh"
The Gathering Fest 2023,10th Jun 2023,"Cleethorpes, Cleethorpes"
Cannon Hall Farm ,10th Jun 2023,"Barnsley, Yorkshire"
The Gin To My Tonic Festival - Edinburgh - Saturday,10th Jun 2023,"Edinburgh , Edinburgh"
bet365 Gold Cup Day - Perth Racecourse,11th Jun 2023,"Perth, Perthshire"
Family Race Day - Goodwood Racecourse,11th Jun 2023,"Chichester , West Sussex"
Ladies’ Evening - Wetherby Racecourse,13th Jun 2023,"Wetherby, West Yorkshire"
The Gin To My Tonic Festival - Oxfordshire,16th Jun 2023,"Faringdon, Oxfordshire"
Friday 23rd June - Redcar Racecourse,23rd Jun 2023,"Redcar, North Yorkshire"
Pride Raceday - Perth Racecourse,24th Jun 2023,"Perth, Perthshire"
The Gin To My Tonic Festival - Salisbury,1st Jul 2023,"Salisbury, Wiltshire"
Savour Festival,21st Jul 2023,"London, London"
The Gin To My Tonic Festival - Truro,22nd Jul 2023,"Truro, Truro"
Foodies Festival - Oxford,26th Aug 2023,"Oxford, Oxfordshire"
Ibiza Orchestra Experience - Sheffield,28th Oct 2023,"Sheffield , Sheffield"
Name,Date,Location
Name,Date,Location
The Gin To My Tonic Festival - Edinburgh - Friday,9th Jun 2023,"Edinburgh, Midlothian"
The Gin To My Tonic Festival - Edinburgh - Saturday,10th Jun 2023,"Edinburgh, Midlothian"
The Gin To My Tonic Festival - Shrewsbury,29th Jul 2023,"Shrewsbury, Shropshire"
Name,Date,Location
British Golf Show,19th May 2023,"Marlow, Buckinghamshire"
DogFest - Loseley Park,27th May 2023,"Guildford, Surrey"
DogFest - Ragley Hall,10th Jun 2023,"Stratford Upon Avon, Warwickshire"
DogFest - Belvoir Castle ,13th Jun 2023,"Grantham, Leicestershire"
DogFest - Tatton Park ,17th Jun 2023,"Knutsford, Cheshire"
Name,Date,Location
Name,Date,Location
Ultimate Festivals Poole - Friday,26th May 2023,"Upton, Upton"
Ultimate Festivals Poole - Saturday,27th May 2023,"Upton, Upton"
Ultimate Festivals Poole - Sunday,28th May 2023,"Upton, Upton"
We Love 80’s with Tony Hadley & Go West,2nd Jun 2023,"Maidstone, Kent"
Irlam Live Festival,2nd Jun 2023,"Irlam, Manchester"
KITE Festival,9th Jun 2023,"Kidlington, Oxfordshire"
BBC Gardeners' World Live - Thursday,15th Jun 2023,"Birmingham,  Warwickshire"
BBC Gardeners' World Live - Friday,16th Jun 2023,"Birmingham,  Warwickshire"
BBC Gardeners' World Live - Sunday,18th Jun 2023,"Birmingham,  Warwickshire"
BBC Good Food Festival Goodwood - Friday,18th Aug 2023,"Chichester , West Sussex"
BBC Good Food Festival Goodwood - Sunday,20th Aug 2023,"Chichester , West Sussex"
Wellnergy 2023,17th May 2026,"London, London"
Name,Date,Location
Jo Whiley’s 90’s Anthems ,20th May 2023,"Leeds, Yorkshire"
Ibiza Orchestra Experience - Colchester,14th Jul 2023,"Colchester , Colchester"
Ibiza Orchestra Experience - Chelmsford,4th Aug 2023,"Chelmsford, Essex"
Name,Date,Location
LOUDER at The Halls,19th May 2023,"Wolverhampton, West Midlands"
Name,Date,Location
The Definitive Rat Pack - 30th May,30th May 2023,"Canary Wharf, London"
The Definitive Rat Pack - 31st  May,31st May 2023,"Canary Wharf, London"
Loughborough Lightning v Saracens,3rd Jun 2023,"Northampton , Northamptonshire"
Jimmy Carr: Terribly Funny 2.0 -Manchester,1st Jul 2023,"Manchester , Greater Manchester"
Jimmy Carr: Terribly Funny 2.0 -Liverpool,2nd Jul 2023,"Liverpool, Merseyside"
Jimmy Carr: Terribly Funny 2.0 -Bath,5th Jul 2023,"Bath, Somerset"
Jimmy Carr: Terribly Funny 2.0 -Cardiff,6th Jul 2023,"St Davids Centre, Cardiff"
Jimmy Carr: Terribly Funny 2.0 -Bristol,7th Jul 2023,"Bristol , Bristol"
Jimmy Carr: Terribly Funny 2.0 -Southend,8th Jul 2023,"Southend-on-Sea, Essex"
Sussex Sharks v Durham – One Day Cup (50 overs),4th Aug 2023,"Hove , East Sussex"
Sussex Sharks v Glamorgan - One Day Cup (50 overs),13th Aug 2023,"Hove , East Sussex"
Sussex Sharks v Gloucestershire - One Day Cup (50 overs),18th Aug 2023,"Hove , East Sussex"
Sussex Sharks v Warwickshire - One Day Cup (50 overs),22nd Aug 2023,"Hove , East Sussex"
Ibiza Orchestra Experience - Cambridge,7th Oct 2024,"Cambridge , Cambridge"
Name,Date,Location
Live at the Palace - Ministry Of Sound ,27th May 2023,"London, London"
Live at the Palace - Groove Armada,28th May 2023,"London, London"
Jack Savoretti,28th May 2023,"Cardiff , Cardiff"
Goodgreef pres Trance In The Woods 2023 ,3rd Jun 2023,"Derby, Derbyshire"
Notts Outlaws v Durham Cricket – T20 Blast,8th Jun 2023,"Nottingham , Nottinghamshire"
